{"accuracy": [0.1062600314617157, 0.2950240671634674, 0.47062599658966064, 0.6253611445426941, 0.7756019234657288, 0.863884449005127, 0.9203852415084839, 0.9495987296104431, 0.967576265335083, 0.9765650033950806, 0.9804173111915588, 0.9826645255088806, 0.9839486479759216, 0.9778491258621216, 0.9759229421615601, 0.9775280952453613, 0.9813804030418396, 0.9861958026885986, 0.9833065867424011, 0.9861958026885986, 0.9868378639221191, 0.9849117398262024, 0.9881219863891602, 0.9752808809280396, 0.9813804030418396], "val_accuracy": [0.2849002778530121, 0.5213675498962402, 0.74643874168396, 0.8547008633613586, 0.9145299196243286, 0.9230769276618958, 0.9287749528884888, 0.945868968963623, 0.9572649598121643, 0.9544159770011902, 0.9544159770011902, 0.9487179517745972, 0.9544159770011902, 0.9430199265480042, 0.934472918510437, 0.9515669345855713, 0.9572649598121643, 0.9572649598121643, 0.945868968963623, 0.9629629850387573, 0.9544159770011902, 0.9601139426231384, 0.9544159770011902, 0.9515669345855713, 0.9515669345855713], "loss": [3.411468505859375, 2.4340155124664307, 1.8545124530792236, 1.3076328039169312, 0.7810818552970886, 0.47879138588905334, 0.31451305747032166, 0.22926896810531616, 0.14620502293109894, 0.13023032248020172, 0.11070789396762848, 0.10620830208063126, 0.08281730115413666, 0.1004883199930191, 0.11274261027574539, 0.09682225435972214, 0.08906365185976028, 0.06494022160768509, 0.06635324656963348, 0.06378623098134995, 0.06527392566204071, 0.05629628896713257, 0.05680200457572937, 0.10203240811824799, 0.07096418738365173], "val_loss": [2.403675079345703, 1.7274422645568848, 1.011142611503601, 0.6038791537284851, 0.46820303797721863, 0.4293573498725891, 0.3821851909160614, 0.41810062527656555, 0.3669893443584442, 0.2947564423084259, 0.3054700195789337, 0.2757779061794281, 0.3472301661968231, 0.47506895661354065, 0.3536493182182312, 0.3498110771179199, 0.28243139386177063, 0.19287285208702087, 0.3019261658191681, 0.25160929560661316, 0.2368415743112564, 0.25812679529190063, 0.23765748739242554, 0.2804577648639679, 0.30497977137565613]}